experiment,min_value,max_value
1,0.0,0.0
2,0.0,0.0
3,0.14997341420939803,0.3492717855363332
4,0.159211249061401,0.36381650773417007
5,0.1698311039648601,0.3743036865201839
6,0.17846619956611426,0.37910700789708507
7,0.19355939388515217,0.3931630548420166
8,0.20019823826568559,0.40400467933172
9,0.20680192418485152,0.40913809965349823
10,0.22171005477040864,0.4193334821691446
11,0.0,0.0
12,0.0,0.0
