{
  "acc_standard": 1.0,
  "mi_standard_bits": 0.9702529760879881,
  "acc_dlc": 0.6044,
  "mi_dlc_bits": 0.04930428074708419,
  "acc_pln": 0.4992,
  "mi_pln_bits": 0.003846607139582803
}